Workbook
Name DailyGoalHrs: Settings!$L$6
Name DayList: Settings!$H$5:$H$11
Name HabitGoalPct: Settings!$L$7
Name HabitList: Settings!$C$5:$C$19
Name PriorityList: Settings!$E$5:$E$7
Name StatusList: Settings!$F$5:$F$9
Name SubjectList: Settings!$A$5:$A$16
Name WeeklyGoalHrs: Settings!$L$4
Name WeeklyGoalTasks: Settings!$L$5
Name WeekStart: Settings!$L$9
Name YesNoList: Settings!$I$5:$I$7

Sheet Dashboard
B2: STUDY PERFORMANCE DASHBOARD
B3: ="Week " & WEEKNUM(WeekStart,1) & " - " & TEXT(WeekStart,"dd mmm yyyy") & " to " & TEXT(WeekStart+6,"dd mmm yyyy") -> Week 32 - 03 Aug 2026 to 09 Aug 2026
B5: Week Number | D5: Week Start | F5: Week End | H5: Overall Completion % | J5: Consistency Score
B6: =WEEKNUM(WeekStart,1) -> 32 | D6: =WeekStart -> 46237 | F6: =WeekStart+6 -> 46243 | H6: ='Weekly Planner'!$B$39 -> 0 | J6: ='Habit Tracker'!$B$25 -> 0
B9: Target Study Hours | D9: Actual Study Hours | F9: Hours Difference | H9: Current Streak (days) | J9: Longest Streak (days)
B10: =WeeklyGoalHrs -> 40 | D10: ='Daily Study Log'!$B$44 -> 0 | F10: ='Daily Study Log'!$B$44-WeeklyGoalHrs -> -40 | H10: =MAX('Habit Tracker'!$J$5:$J$19) -> 0 | J10: =MAX('Habit Tracker'!$K$5:$K$19) -> 0
B13: Tasks Completed | D13: Tasks Remaining | F13: Habits Completed | H13: Habits Missed
B14: ='Weekly Planner'!$B$37 -> 0 | D14: ='Weekly Planner'!$B$38 -> 28 | F14: ='Habit Tracker'!$B$23 -> 0 | H14: ='Habit Tracker'!$B$24 -> 15
B17: PROGRESS BARS
B18: Overall Week | D18: ='Weekly Planner'!$B$39 -> 0
B20: Daily Goal | D20: =IFERROR('Daily Study Log'!$B$43/DailyGoalHrs,0) -> 0
B22: Subject Goal (avg) | D22: =IFERROR(AVERAGE('Progress Analytics'!$E$6:$E$17),0) -> 0
B24: Habit Goal | D24: ='Habit Tracker'!$B$25 -> 0
B27: CHARTS
M28: Target | N28: Actual
L29: This Week | M29: =WeeklyGoalHrs -> 40 | N29: ='Daily Study Log'!$B$44 -> 0
L47: Day | M47: Hours
L48: Mon | M48: =SUMIFS('Daily Study Log'!$D$5:$D$39,'Daily Study Log'!$A$5:$A$39,WeekStart+0) -> 0
L49: Tue | M49: =SUMIFS('Daily Study Log'!$D$5:$D$39,'Daily Study Log'!$A$5:$A$39,WeekStart+1) -> 0
L50: Wed | M50: =SUMIFS('Daily Study Log'!$D$5:$D$39,'Daily Study Log'!$A$5:$A$39,WeekStart+2) -> 0
L51: Thu | M51: =SUMIFS('Daily Study Log'!$D$5:$D$39,'Daily Study Log'!$A$5:$A$39,WeekStart+3) -> 0
L52: Fri | M52: =SUMIFS('Daily Study Log'!$D$5:$D$39,'Daily Study Log'!$A$5:$A$39,WeekStart+4) -> 0
L53: Sat | M53: =SUMIFS('Daily Study Log'!$D$5:$D$39,'Daily Study Log'!$A$5:$A$39,WeekStart+5) -> 0
L54: Sun | M54: =SUMIFS('Daily Study Log'!$D$5:$D$39,'Daily Study Log'!$A$5:$A$39,WeekStart+6) -> 0
L67: Segment | M67: Value
L68: Completed | M68: ='Weekly Planner'!$B$39 -> 0
L69: Remaining | M69: =1-'Weekly Planner'!$B$39 -> 1

Sheet Weekly Planner
A1: WEEKLY PLANNER
A2: Assign tasks per day. Check 'Completed' to mark done — the row turns green automatically.
A4: Day | B4: Subject | C4: Task | D4: Priority | E4: Est. Hours | F4: Actual Hours | G4: Status | H4: Deadline | I4: Completed | J4: Topic | K4: Difficulty | L4: Revision Required | M4: Notes
A5: Monday | B5: DSA | C5: Solve 5 Binary Tree problems | D5: High | E5: 2 | F5: 1.5 | G5: In Progress | H5: 46237 | I5: No | J5: Binary Trees | K5: Medium | L5: Yes | M5: Focus on traversal patterns
A6: Monday | D6: Medium | G6: Not Started | I6: No
A7: Monday | D7: Medium | G7: Not Started | I7: No
A8: Monday | D8: Medium | G8: Not Started | I8: No
A9: Tuesday | D9: Medium | G9: Not Started | I9: No
A10: Tuesday | D10: Medium | G10: Not Started | I10: No
A11: Tuesday | D11: Medium | G11: Not Started | I11: No
A12: Tuesday | D12: Medium | G12: Not Started | I12: No
A13: Wednesday | D13: Medium | G13: Not Started | I13: No
A14: Wednesday | D14: Medium | G14: Not Started | I14: No
A15: Wednesday | D15: Medium | G15: Not Started | I15: No
A16: Wednesday | D16: Medium | G16: Not Started | I16: No
A17: Thursday | D17: Medium | G17: Not Started | I17: No
... A32: Sunday | D32: Medium | G32: Not Started | I32: No
A35: WEEKLY PLANNER SUMMARY
A36: Total Tasks | B36: =COUNTA(A5:A32) -> 28
A37: Tasks Completed | B37: =COUNTIF(I5:I32,"Yes") -> 0
A38: Tasks Remaining | B38: =B36-B37 -> 28
A39: Completion % | B39: =IFERROR(B37/B36,0) -> 0
A40: Est. Hours Total | B40: =SUM(E5:E32) -> 2
A41: Actual Hours Total | B41: =SUM(F5:F32) -> 1.5

Sheet Daily Study Log
A1: DAILY STUDY LOG
A2: Log every study session. Duration and rollups calculate automatically.
A4: Date | B4: Start Time | C4: End Time | D4: Duration (hrs) | E4: Subject | F4: Topic | G4: Study Type | H4: Deep Work? | I4: Pomodoro Count | J4: Productivity (1-10) | K4: Energy Level (1-10) | L4: Focus Level (1-10) | M4: Distractions | N4: Notes
A5: 46237 | D5: =IFERROR((C5-B5)*24,0) -> 0
A6: 46237 | D6: =IFERROR((C6-B6)*24,0) -> 0
A7: 46237 | D7: =IFERROR((C7-B7)*24,0) -> 0
A8: 46237 | D8: =IFERROR((C8-B8)*24,0) -> 0
A9: 46237 | D9: =IFERROR((C9-B9)*24,0) -> 0
A10: 46238 | D10: =IFERROR((C10-B10)*24,0) -> 0
A11: 46238 | D11: =IFERROR((C11-B11)*24,0) -> 0
A12: 46238 | D12: =IFERROR((C12-B12)*24,0) -> 0
A13: 46238 | D13: =IFERROR((C13-B13)*24,0) -> 0
A14: 46238 | D14: =IFERROR((C14-B14)*24,0) -> 0
A15: 46239 | D15: =IFERROR((C15-B15)*24,0) -> 0
A16: 46239 | D16: =IFERROR((C16-B16)*24,0) -> 0
... A39: 46243 | D39: =IFERROR((C39-B39)*24,0) -> 0
A42: STUDY LOG SUMMARY
A43: Today's Hours (latest logged date) | B43: =SUMIFS(D5:D39,A5:A39,MAX(A5:A39)) -> 0
A44: This Week's Hours | B44: =SUMIFS(D5:D39,A5:A39,">="&(WeekStart),A5:A39,"<"&(WeekStart+7)) -> 0
A45: Average Session (hrs) | B45: =IFERROR(AVERAGE(D5:D39),0) -> 0
A46: Longest Session (hrs) | B46: =IFERROR(MAX(D5:D39),0) -> 0
A47: Average Productivity | B47: =IFERROR(AVERAGE(J5:J39),0) -> 0
A48: Average Focus | B48: =IFERROR(AVERAGE(L5:L39),0) -> 0
A49: Total Sessions Logged | B49: =COUNT(D5:D39) -> 35

Sheet Habit Tracker
A1: HABIT TRACKER
A2: Mark Yes / Partial / No for each habit each day. Streaks and success rate update automatically.
A4: Habit | B4: Monday | C4: Tuesday | D4: Wednesday | E4: Thursday | F4: Friday | G4: Saturday | H4: Sunday | I4: Weekly % | J4: Current Streak | K4: Longest Streak | L4: Missed Days | M4: Success Rate
A5: Wake up on time | B5: No | C5: No | D5: No | E5: No | F5: No | G5: No | H5: No | I5: =IFERROR((COUNTIF(B5:H5,"Yes")+0.5*COUNTIF(B5:H5,"Partial"))/7,0) -> 0 | J5: =T5 -> 0 | K5: =MAX(N5:T5) -> 0 | L5: =COUNTIF(B5:H5,"No") -> 7 | M5: =IFERROR((COUNTIF(B5:H5,"Yes")+0.5*COUNTIF(B5:H5,"Partial"))/7,0) -> 0 | N5: =IF(B5="Yes",1,IF(B5="Partial",0.5,0)) -> 0 | O5: =IF(C5="Yes",N5+1,IF(C5="Partial",N5+0.5,0)) -> 0 | P5: =IF(D5="Yes",O5+1,IF(D5="Partial",O5+0.5,0)) -> 0 | Q5: =IF(E5="Yes",P5+1,IF(E5="Partial",P5+0.5,0)) -> 0 | R5: =IF(F5="Yes",Q5+1,IF(F5="Partial",Q5+0.5,0)) -> 0 | S5: =IF(G5="Yes",R5+1,IF(G5="Partial",R5+0.5,0)) -> 0 | T5: =IF(H5="Yes",S5+1,IF(H5="Partial",S5+0.5,0)) -> 0
A6: Gym | B6: No | C6: No | D6: No | E6: No | F6: No | G6: No | H6: No | I6: =IFERROR((COUNTIF(B6:H6,"Yes")+0.5*COUNTIF(B6:H6,"Partial"))/7,0) -> 0 | J6: =T6 -> 0 | K6: =MAX(N6:T6) -> 0 | L6: =COUNTIF(B6:H6,"No") -> 7 | M6: =IFERROR((COUNTIF(B6:H6,"Yes")+0.5*COUNTIF(B6:H6,"Partial"))/7,0) -> 0 | N6: =IF(B6="Yes",1,IF(B6="Partial",0.5,0)) -> 0 | O6: =IF(C6="Yes",N6+1,IF(C6="Partial",N6+0.5,0)) -> 0 | P6: =IF(D6="Yes",O6+1,IF(D6="Partial",O6+0.5,0)) -> 0 | Q6: =IF(E6="Yes",P6+1,IF(E6="Partial",P6+0.5,0)) -> 0 | R6: =IF(F6="Yes",Q6+1,IF(F6="Partial",Q6+0.5,0)) -> 0 | S6: =IF(G6="Yes",R6+1,IF(G6="Partial",R6+0.5,0)) -> 0 | T6: =IF(H6="Yes",S6+1,IF(H6="Partial",S6+0.5,0)) -> 0
A7: Meditation | B7: No | C7: No | D7: No | E7: No | F7: No | G7: No | H7: No | I7: =IFERROR((COUNTIF(B7:H7,"Yes")+0.5*COUNTIF(B7:H7,"Partial"))/7,0) -> 0 | J7: =T7 -> 0 | K7: =MAX(N7:T7) -> 0 | L7: =COUNTIF(B7:H7,"No") -> 7 | M7: =IFERROR((COUNTIF(B7:H7,"Yes")+0.5*COUNTIF(B7:H7,"Partial"))/7,0) -> 0 | N7: =IF(B7="Yes",1,IF(B7="Partial",0.5,0)) -> 0 | O7: =IF(C7="Yes",N7+1,IF(C7="Partial",N7+0.5,0)) -> 0 | P7: =IF(D7="Yes",O7+1,IF(D7="Partial",O7+0.5,0)) -> 0 | Q7: =IF(E7="Yes",P7+1,IF(E7="Partial",P7+0.5,0)) -> 0 | R7: =IF(F7="Yes",Q7+1,IF(F7="Partial",Q7+0.5,0)) -> 0 | S7: =IF(G7="Yes",R7+1,IF(G7="Partial",R7+0.5,0)) -> 0 | T7: =IF(H7="Yes",S7+1,IF(H7="Partial",S7+0.5,0)) -> 0
A8: Reading | B8: No | C8: No | D8: No | E8: No | F8: No | G8: No | H8: No | I8: =IFERROR((COUNTIF(B8:H8,"Yes")+0.5*COUNTIF(B8:H8,"Partial"))/7,0) -> 0 | J8: =T8 -> 0 | K8: =MAX(N8:T8) -> 0 | L8: =COUNTIF(B8:H8,"No") -> 7 | M8: =IFERROR((COUNTIF(B8:H8,"Yes")+0.5*COUNTIF(B8:H8,"Partial"))/7,0) -> 0 | N8: =IF(B8="Yes",1,IF(B8="Partial",0.5,0)) -> 0 | O8: =IF(C8="Yes",N8+1,IF(C8="Partial",N8+0.5,0)) -> 0 | P8: =IF(D8="Yes",O8+1,IF(D8="Partial",O8+0.5,0)) -> 0 | Q8: =IF(E8="Yes",P8+1,IF(E8="Partial",P8+0.5,0)) -> 0 | R8: =IF(F8="Yes",Q8+1,IF(F8="Partial",Q8+0.5,0)) -> 0 | S8: =IF(G8="Yes",R8+1,IF(G8="Partial",R8+0.5,0)) -> 0 | T8: =IF(H8="Yes",S8+1,IF(H8="Partial",S8+0.5,0)) -> 0
A9: DSA Practice | B9: No | C9: No | D9: No | E9: No | F9: No | G9: No | H9: No | I9: =IFERROR((COUNTIF(B9:H9,"Yes")+0.5*COUNTIF(B9:H9,"Partial"))/7,0) -> 0 | J9: =T9 -> 0 | K9: =MAX(N9:T9) -> 0 | L9: =COUNTIF(B9:H9,"No") -> 7 | M9: =IFERROR((COUNTIF(B9:H9,"Yes")+0.5*COUNTIF(B9:H9,"Partial"))/7,0) -> 0 | N9: =IF(B9="Yes",1,IF(B9="Partial",0.5,0)) -> 0 | O9: =IF(C9="Yes",N9+1,IF(C9="Partial",N9+0.5,0)) -> 0 | P9: =IF(D9="Yes",O9+1,IF(D9="Partial",O9+0.5,0)) -> 0 | Q9: =IF(E9="Yes",P9+1,IF(E9="Partial",P9+0.5,0)) -> 0 | R9: =IF(F9="Yes",Q9+1,IF(F9="Partial",Q9+0.5,0)) -> 0 | S9: =IF(G9="Yes",R9+1,IF(G9="Partial",R9+0.5,0)) -> 0 | T9: =IF(H9="Yes",S9+1,IF(H9="Partial",S9+0.5,0)) -> 0
A10: System Design | B10: No | C10: No | D10: No | E10: No | F10: No | G10: No | H10: No | I10: =IFERROR((COUNTIF(B10:H10,"Yes")+0.5*COUNTIF(B10:H10,"Partial"))/7,0) -> 0 | J10: =T10 -> 0 | K10: =MAX(N10:T10) -> 0 | L10: =COUNTIF(B10:H10,"No") -> 7 | M10: =IFERROR((COUNTIF(B10:H10,"Yes")+0.5*COUNTIF(B10:H10,"Partial"))/7,0) -> 0 | N10: =IF(B10="Yes",1,IF(B10="Partial",0.5,0)) -> 0 | O10: =IF(C10="Yes",N10+1,IF(C10="Partial",N10+0.5,0)) -> 0 | P10: =IF(D10="Yes",O10+1,IF(D10="Partial",O10+0.5,0)) -> 0 | Q10: =IF(E10="Yes",P10+1,IF(E10="Partial",P10+0.5,0)) -> 0 | R10: =IF(F10="Yes",Q10+1,IF(F10="Partial",Q10+0.5,0)) -> 0 | S10: =IF(G10="Yes",R10+1,IF(G10="Partial",R10+0.5,0)) -> 0 | T10: =IF(H10="Yes",S10+1,IF(H10="Partial",S10+0.5,0)) -> 0
A11: Gen AI | B11: No | C11: No | D11: No | E11: No | F11: No | G11: No | H11: No | I11: =IFERROR((COUNTIF(B11:H11,"Yes")+0.5*COUNTIF(B11:H11,"Partial"))/7,0) -> 0 | J11: =T11 -> 0 | K11: =MAX(N11:T11) -> 0 | L11: =COUNTIF(B11:H11,"No") -> 7 | M11: =IFERROR((COUNTIF(B11:H11,"Yes")+0.5*COUNTIF(B11:H11,"Partial"))/7,0) -> 0 | N11: =IF(B11="Yes",1,IF(B11="Partial",0.5,0)) -> 0 | O11: =IF(C11="Yes",N11+1,IF(C11="Partial",N11+0.5,0)) -> 0 | P11: =IF(D11="Yes",O11+1,IF(D11="Partial",O11+0.5,0)) -> 0 | Q11: =IF(E11="Yes",P11+1,IF(E11="Partial",P11+0.5,0)) -> 0 | R11: =IF(F11="Yes",Q11+1,IF(F11="Partial",Q11+0.5,0)) -> 0 | S11: =IF(G11="Yes",R11+1,IF(G11="Partial",R11+0.5,0)) -> 0 | T11: =IF(H11="Yes",S11+1,IF(H11="Partial",S11+0.5,0)) -> 0
A12: Revision | B12: No | C12: No | D12: No | E12: No | F12: No | G12: No | H12: No | I12: =IFERROR((COUNTIF(B12:H12,"Yes")+0.5*COUNTIF(B12:H12,"Partial"))/7,0) -> 0 | J12: =T12 -> 0 | K12: =MAX(N12:T12) -> 0 | L12: =COUNTIF(B12:H12,"No") -> 7 | M12: =IFERROR((COUNTIF(B12:H12,"Yes")+0.5*COUNTIF(B12:H12,"Partial"))/7,0) -> 0 | N12: =IF(B12="Yes",1,IF(B12="Partial",0.5,0)) -> 0 | O12: =IF(C12="Yes",N12+1,IF(C12="Partial",N12+0.5,0)) -> 0 | P12: =IF(D12="Yes",O12+1,IF(D12="Partial",O12+0.5,0)) -> 0 | Q12: =IF(E12="Yes",P12+1,IF(E12="Partial",P12+0.5,0)) -> 0 | R12: =IF(F12="Yes",Q12+1,IF(F12="Partial",Q12+0.5,0)) -> 0 | S12: =IF(G12="Yes",R12+1,IF(G12="Partial",R12+0.5,0)) -> 0 | T12: =IF(H12="Yes",S12+1,IF(H12="Partial",S12+0.5,0)) -> 0
A13: LeetCode | B13: No | C13: No | D13: No | E13: No | F13: No | G13: No | H13: No | I13: =IFERROR((COUNTIF(B13:H13,"Yes")+0.5*COUNTIF(B13:H13,"Partial"))/7,0) -> 0 | J13: =T13 -> 0 | K13: =MAX(N13:T13) -> 0 | L13: =COUNTIF(B13:H13,"No") -> 7 | M13: =IFERROR((COUNTIF(B13:H13,"Yes")+0.5*COUNTIF(B13:H13,"Partial"))/7,0) -> 0 | N13: =IF(B13="Yes",1,IF(B13="Partial",0.5,0)) -> 0 | O13: =IF(C13="Yes",N13+1,IF(C13="Partial",N13+0.5,0)) -> 0 | P13: =IF(D13="Yes",O13+1,IF(D13="Partial",O13+0.5,0)) -> 0 | Q13: =IF(E13="Yes",P13+1,IF(E13="Partial",P13+0.5,0)) -> 0 | R13: =IF(F13="Yes",Q13+1,IF(F13="Partial",Q13+0.5,0)) -> 0 | S13: =IF(G13="Yes",R13+1,IF(G13="Partial",R13+0.5,0)) -> 0 | T13: =IF(H13="Yes",S13+1,IF(H13="Partial",S13+0.5,0)) -> 0
A14: Drink Water | B14: No | C14: No | D14: No | E14: No | F14: No | G14: No | H14: No | I14: =IFERROR((COUNTIF(B14:H14,"Yes")+0.5*COUNTIF(B14:H14,"Partial"))/7,0) -> 0 | J14: =T14 -> 0 | K14: =MAX(N14:T14) -> 0 | L14: =COUNTIF(B14:H14,"No") -> 7 | M14: =IFERROR((COUNTIF(B14:H14,"Yes")+0.5*COUNTIF(B14:H14,"Partial"))/7,0) -> 0 | N14: =IF(B14="Yes",1,IF(B14="Partial",0.5,0)) -> 0 | O14: =IF(C14="Yes",N14+1,IF(C14="Partial",N14+0.5,0)) -> 0 | P14: =IF(D14="Yes",O14+1,IF(D14="Partial",O14+0.5,0)) -> 0 | Q14: =IF(E14="Yes",P14+1,IF(E14="Partial",P14+0.5,0)) -> 0 | R14: =IF(F14="Yes",Q14+1,IF(F14="Partial",Q14+0.5,0)) -> 0 | S14: =IF(G14="Yes",R14+1,IF(G14="Partial",R14+0.5,0)) -> 0 | T14: =IF(H14="Yes",S14+1,IF(H14="Partial",S14+0.5,0)) -> 0
A15: Sleep before 12 | B15: No | C15: No | D15: No | E15: No | F15: No | G15: No | H15: No | I15: =IFERROR((COUNTIF(B15:H15,"Yes")+0.5*COUNTIF(B15:H15,"Partial"))/7,0) -> 0 | J15: =T15 -> 0 | K15: =MAX(N15:T15) -> 0 | L15: =COUNTIF(B15:H15,"No") -> 7 | M15: =IFERROR((COUNTIF(B15:H15,"Yes")+0.5*COUNTIF(B15:H15,"Partial"))/7,0) -> 0 | N15: =IF(B15="Yes",1,IF(B15="Partial",0.5,0)) -> 0 | O15: =IF(C15="Yes",N15+1,IF(C15="Partial",N15+0.5,0)) -> 0 | P15: =IF(D15="Yes",O15+1,IF(D15="Partial",O15+0.5,0)) -> 0 | Q15: =IF(E15="Yes",P15+1,IF(E15="Partial",P15+0.5,0)) -> 0 | R15: =IF(F15="Yes",Q15+1,IF(F15="Partial",Q15+0.5,0)) -> 0 | S15: =IF(G15="Yes",R15+1,IF(G15="Partial",R15+0.5,0)) -> 0 | T15: =IF(H15="Yes",S15+1,IF(H15="Partial",S15+0.5,0)) -> 0
A16: Journal | B16: No | C16: No | D16: No | E16: No | F16: No | G16: No | H16: No | I16: =IFERROR((COUNTIF(B16:H16,"Yes")+0.5*COUNTIF(B16:H16,"Partial"))/7,0) -> 0 | J16: =T16 -> 0 | K16: =MAX(N16:T16) -> 0 | L16: =COUNTIF(B16:H16,"No") -> 7 | M16: =IFERROR((COUNTIF(B16:H16,"Yes")+0.5*COUNTIF(B16:H16,"Partial"))/7,0) -> 0 | N16: =IF(B16="Yes",1,IF(B16="Partial",0.5,0)) -> 0 | O16: =IF(C16="Yes",N16+1,IF(C16="Partial",N16+0.5,0)) -> 0 | P16: =IF(D16="Yes",O16+1,IF(D16="Partial",O16+0.5,0)) -> 0 | Q16: =IF(E16="Yes",P16+1,IF(E16="Partial",P16+0.5,0)) -> 0 | R16: =IF(F16="Yes",Q16+1,IF(F16="Partial",Q16+0.5,0)) -> 0 | S16: =IF(G16="Yes",R16+1,IF(G16="Partial",R16+0.5,0)) -> 0 | T16: =IF(H16="Yes",S16+1,IF(H16="Partial",S16+0.5,0)) -> 0
... A19: No Social Media | B19: No | C19: No | D19: No | E19: No | F19: No | G19: No | H19: No | I19: =IFERROR((COUNTIF(B19:H19,"Yes")+0.5*COUNTIF(B19:H19,"Partial"))/7,0) -> 0 | J19: =T19 -> 0 | K19: =MAX(N19:T19) -> 0 | L19: =COUNTIF(B19:H19,"No") -> 7 | M19: =IFERROR((COUNTIF(B19:H19,"Yes")+0.5*COUNTIF(B19:H19,"Partial"))/7,0) -> 0 | N19: =IF(B19="Yes",1,IF(B19="Partial",0.5,0)) -> 0 | O19: =IF(C19="Yes",N19+1,IF(C19="Partial",N19+0.5,0)) -> 0 | P19: =IF(D19="Yes",O19+1,IF(D19="Partial",O19+0.5,0)) -> 0 | Q19: =IF(E19="Yes",P19+1,IF(E19="Partial",P19+0.5,0)) -> 0 | R19: =IF(F19="Yes",Q19+1,IF(F19="Partial",Q19+0.5,0)) -> 0 | S19: =IF(G19="Yes",R19+1,IF(G19="Partial",R19+0.5,0)) -> 0 | T19: =IF(H19="Yes",S19+1,IF(H19="Partial",S19+0.5,0)) -> 0
A22: HABIT TRACKER SUMMARY
A23: Habits Completed Today (Sun) | B23: =COUNTIF(H5:H19,"Yes") -> 0
A24: Habits Missed Today (Sun) | B24: =COUNTIF(H5:H19,"No") -> 15
A25: Overall Weekly % | B25: =IFERROR(AVERAGE(I5:I19),0) -> 0
A26: Best Habit Streak | B26: =MAX(K5:K19) -> 0
A27: Habits Below Goal | B27: =COUNTIF(M5:M19,"<"&HabitGoalPct) -> 15

Sheet Progress Analytics
A1: PROGRESS ANALYTICS
A2: Deeper metrics computed from the Study Log and Planner. Add rows to those sheets and this updates.
A4: SUBJECT-WISE PERFORMANCE
A5: Subject | B5: Hours Logged | C5: Tasks Completed | D5: Avg Productivity | E5: Completion %
A6: DSA | B6: =SUMIFS('Daily Study Log'!$D$5:$D$39,'Daily Study Log'!$E$5:$E$39,$A6) -> 0 | C6: =COUNTIFS('Weekly Planner'!$B$5:$B$32,$A6,'Weekly Planner'!$I$5:$I$32,"Yes") -> 0 | D6: =IFERROR(AVERAGEIFS('Daily Study Log'!$J$5:$J$39,'Daily Study Log'!$E$5:$E$39,$A6),0) -> 0 | E6: =IFERROR($C6/COUNTIFS('Weekly Planner'!$B$5:$B$32,$A6),0) -> 0
A7: System Design | B7: =SUMIFS('Daily Study Log'!$D$5:$D$39,'Daily Study Log'!$E$5:$E$39,$A7) -> 0 | C7: =COUNTIFS('Weekly Planner'!$B$5:$B$32,$A7,'Weekly Planner'!$I$5:$I$32,"Yes") -> 0 | D7: =IFERROR(AVERAGEIFS('Daily Study Log'!$J$5:$J$39,'Daily Study Log'!$E$5:$E$39,$A7),0) -> 0 | E7: =IFERROR($C7/COUNTIFS('Weekly Planner'!$B$5:$B$32,$A7),0) -> 0
A8: Gen AI | B8: =SUMIFS('Daily Study Log'!$D$5:$D$39,'Daily Study Log'!$E$5:$E$39,$A8) -> 0 | C8: =COUNTIFS('Weekly Planner'!$B$5:$B$32,$A8,'Weekly Planner'!$I$5:$I$32,"Yes") -> 0 | D8: =IFERROR(AVERAGEIFS('Daily Study Log'!$J$5:$J$39,'Daily Study Log'!$E$5:$E$39,$A8),0) -> 0 | E8: =IFERROR($C8/COUNTIFS('Weekly Planner'!$B$5:$B$32,$A8),0) -> 0
A9: Computer Science Fundamentals | B9: =SUMIFS('Daily Study Log'!$D$5:$D$39,'Daily Study Log'!$E$5:$E$39,$A9) -> 0 | C9: =COUNTIFS('Weekly Planner'!$B$5:$B$32,$A9,'Weekly Planner'!$I$5:$I$32,"Yes") -> 0 | D9: =IFERROR(AVERAGEIFS('Daily Study Log'!$J$5:$J$39,'Daily Study Log'!$E$5:$E$39,$A9),0) -> 0 | E9: =IFERROR($C9/COUNTIFS('Weekly Planner'!$B$5:$B$32,$A9),0) -> 0
A10: Operating Systems | B10: =SUMIFS('Daily Study Log'!$D$5:$D$39,'Daily Study Log'!$E$5:$E$39,$A10) -> 0 | C10: =COUNTIFS('Weekly Planner'!$B$5:$B$32,$A10,'Weekly Planner'!$I$5:$I$32,"Yes") -> 0 | D10: =IFERROR(AVERAGEIFS('Daily Study Log'!$J$5:$J$39,'Daily Study Log'!$E$5:$E$39,$A10),0) -> 0 | E10: =IFERROR($C10/COUNTIFS('Weekly Planner'!$B$5:$B$32,$A10),0) -> 0
A11: DBMS | B11: =SUMIFS('Daily Study Log'!$D$5:$D$39,'Daily Study Log'!$E$5:$E$39,$A11) -> 0 | C11: =COUNTIFS('Weekly Planner'!$B$5:$B$32,$A11,'Weekly Planner'!$I$5:$I$32,"Yes") -> 0 | D11: =IFERROR(AVERAGEIFS('Daily Study Log'!$J$5:$J$39,'Daily Study Log'!$E$5:$E$39,$A11),0) -> 0 | E11: =IFERROR($C11/COUNTIFS('Weekly Planner'!$B$5:$B$32,$A11),0) -> 0
A12: Computer Networks | B12: =SUMIFS('Daily Study Log'!$D$5:$D$39,'Daily Study Log'!$E$5:$E$39,$A12) -> 0 | C12: =COUNTIFS('Weekly Planner'!$B$5:$B$32,$A12,'Weekly Planner'!$I$5:$I$32,"Yes") -> 0 | D12: =IFERROR(AVERAGEIFS('Daily Study Log'!$J$5:$J$39,'Daily Study Log'!$E$5:$E$39,$A12),0) -> 0 | E12: =IFERROR($C12/COUNTIFS('Weekly Planner'!$B$5:$B$32,$A12),0) -> 0
A13: Projects | B13: =SUMIFS('Daily Study Log'!$D$5:$D$39,'Daily Study Log'!$E$5:$E$39,$A13) -> 0 | C13: =COUNTIFS('Weekly Planner'!$B$5:$B$32,$A13,'Weekly Planner'!$I$5:$I$32,"Yes") -> 0 | D13: =IFERROR(AVERAGEIFS('Daily Study Log'!$J$5:$J$39,'Daily Study Log'!$E$5:$E$39,$A13),0) -> 0 | E13: =IFERROR($C13/COUNTIFS('Weekly Planner'!$B$5:$B$32,$A13),0) -> 0
A14: Placement Preparation | B14: =SUMIFS('Daily Study Log'!$D$5:$D$39,'Daily Study Log'!$E$5:$E$39,$A14) -> 0 | C14: =COUNTIFS('Weekly Planner'!$B$5:$B$32,$A14,'Weekly Planner'!$I$5:$I$32,"Yes") -> 0 | D14: =IFERROR(AVERAGEIFS('Daily Study Log'!$J$5:$J$39,'Daily Study Log'!$E$5:$E$39,$A14),0) -> 0 | E14: =IFERROR($C14/COUNTIFS('Weekly Planner'!$B$5:$B$32,$A14),0) -> 0
A15: Mock Interviews | B15: =SUMIFS('Daily Study Log'!$D$5:$D$39,'Daily Study Log'!$E$5:$E$39,$A15) -> 0 | C15: =COUNTIFS('Weekly Planner'!$B$5:$B$32,$A15,'Weekly Planner'!$I$5:$I$32,"Yes") -> 0 | D15: =IFERROR(AVERAGEIFS('Daily Study Log'!$J$5:$J$39,'Daily Study Log'!$E$5:$E$39,$A15),0) -> 0 | E15: =IFERROR($C15/COUNTIFS('Weekly Planner'!$B$5:$B$32,$A15),0) -> 0
A16: Revision | B16: =SUMIFS('Daily Study Log'!$D$5:$D$39,'Daily Study Log'!$E$5:$E$39,$A16) -> 0 | C16: =COUNTIFS('Weekly Planner'!$B$5:$B$32,$A16,'Weekly Planner'!$I$5:$I$32,"Yes") -> 0 | D16: =IFERROR(AVERAGEIFS('Daily Study Log'!$J$5:$J$39,'Daily Study Log'!$E$5:$E$39,$A16),0) -> 0 | E16: =IFERROR($C16/COUNTIFS('Weekly Planner'!$B$5:$B$32,$A16),0) -> 0
A17: College Work | B17: =SUMIFS('Daily Study Log'!$D$5:$D$39,'Daily Study Log'!$E$5:$E$39,$A17) -> 0 | C17: =COUNTIFS('Weekly Planner'!$B$5:$B$32,$A17,'Weekly Planner'!$I$5:$I$32,"Yes") -> 0 | D17: =IFERROR(AVERAGEIFS('Daily Study Log'!$J$5:$J$39,'Daily Study Log'!$E$5:$E$39,$A17),0) -> 0 | E17: =IFERROR($C17/COUNTIFS('Weekly Planner'!$B$5:$B$32,$A17),0) -> 0
A20: KEY INSIGHTS
A21: Most Studied Subject | B21: =INDEX(A6:A17,MATCH(MAX(B6:B17),B6:B17,0)) -> DSA
A22: Least Studied Subject | B22: =INDEX(A6:A17,MATCH(MIN(B6:B17),B6:B17,0)) -> DSA
A23: Highest Productivity Day | B23: =TEXT(INDEX('Daily Study Log'!$A$5:$A$39,MATCH(MAX('Daily Study Log'!$J$5:$J$39),'Daily Study Log'!$J$5:$J$39,0)),"dd-mmm") -> #N/A
A24: Lowest Productivity Day | B24: =TEXT(INDEX('Daily Study Log'!$A$5:$A$39,MATCH(MIN('Daily Study Log'!$J$5:$J$39),'Daily Study Log'!$J$5:$J$39,0)),"dd-mmm") -> #N/A
A25: Study Consistency % | B25: =IFERROR(COUNT('Daily Study Log'!$D$5:$D$39)/7,0) -> 5
A26: Revision % | B26: =IFERROR(COUNTIFS('Weekly Planner'!$L$5:$L$32,"Yes")/COUNTA('Weekly Planner'!$L$5:$L$32),0) -> 1
A27: Weekly Improvement % | B27: =IFERROR((SUM(B6:B17)-WeeklyGoalHrs)/WeeklyGoalHrs,0) -> -1
A30: ROLLING 4-WEEK AVERAGE (fill weekly totals as weeks pass)
A31: Week 1 | B31: Week 2 | C31: Week 3 | D31: Week 4 | E31: 4-Week Avg
A32: =SUM(B6:B17) -> 0 | B32: 0 | C32: 0 | D32: 0 | E32: =IFERROR(AVERAGE(A32:D32),0) -> 0
A33: Note: Week 2-4 are manual-entry cells (blue) until logged — plug last week's totals in as your weekks pass.
A36: RADAR COMPARISON (completion %)
A37: DSA | B37: =IFERROR(INDEX($E$6:$E$17,MATCH($A37,$A$6:$A$17,0)),0) -> 0
A38: System Design | B38: =IFERROR(INDEX($E$6:$E$17,MATCH($A38,$A$6:$A$17,0)),0) -> 0
A39: Gen AI | B39: =IFERROR(INDEX($E$6:$E$17,MATCH($A39,$A$6:$A$17,0)),0) -> 0
A40: Projects | B40: =IFERROR(INDEX($E$6:$E$17,MATCH($A40,$A$6:$A$17,0)),0) -> 0
A41: Placement Preparation | B41: =IFERROR(INDEX($E$6:$E$17,MATCH($A41,$A$6:$A$17,0)),0) -> 0
A42: Computer Science Fundamentals | B42: =IFERROR(INDEX($E$6:$E$17,MATCH($A42,$A$6:$A$17,0)),0) -> 0
A43: Mock Interviews | B43: =IFERROR(INDEX($E$6:$E$17,MATCH($A43,$A$6:$A$17,0)),0) -> 0

Sheet Settings
A1: SETTINGS
A2: Edit the lists below — every dropdown and formula in this workbook references these cells.
K3: GOALS
A4: Study Subjects | C4: Habits | E4: Priority List | F4: Status List | H4: Days | I4: Checkbox Options | K4: Weekly Study Goal (hrs) | L4: 40
A5: DSA | C5: Wake up on time | E5: High | F5: Not Started | H5: Monday | I5: Yes | K5: Weekly Task Goal (#) | L5: 30
A6: System Design | C6: Gym | E6: Medium | F6: In Progress | H6: Tuesday | I6: No | K6: Daily Study Goal (hrs) | L6: =L4/7 -> 5.7142857
A7: Gen AI | C7: Meditation | E7: Low | F7: Completed | H7: Wednesday | I7: Partial | K7: Habit Goal (% success) | L7: 0.8
A8: Computer Science Fundamentals | C8: Reading | F8: Postponed | H8: Thursday
A9: Operating Systems | C9: DSA Practice | F9: Cancelled | H9: Friday | K9: Week Start Date (Monday) | L9: 46237
A10: DBMS | C10: System Design | H10: Saturday | K10: Week Number | L10: =WEEKNUM(L9,1) -> 32
A11: Computer Networks | C11: Gen AI | H11: Sunday
A12: Projects | C12: Revision
A13: Placement Preparation | C13: LeetCode
A14: Mock Interviews | C14: Drink Water
A15: Revision | C15: Sleep before 12
A16: College Work | C16: Journal
C17: Exercise
C18: Coding
C19: No Social Media
A20: Legend: blue-filled cells are editable inputs. Everything else is a formula — leave it alone.
